modifier,W_total,p_total,samples,examples
Ӏ,131827.532126766804,0.000000000000,11,ГӀ КӀ ЛӀ ПӀ ТӀ ФӀ
ᵸ,5.666666666500,0.000000000000,5,Аᵸ Еᵸ Иᵸ Оᵸ Уᵸ
